Workbook

Sheet Print
A1: Bundle: | B1: =Users!A2 | C1: Bundle: | D1: =Users!A1 | E1: Bundle: | F1: =Users!A3
A2: User: | B2: =Users!B2 | C2: User: | D2: =Users!B1 | E2: User: | F2: =Users!B3
A3: Password: | B3: =Users!C2 | C3: Password: | D3: =Users!C1 | E3: Password: | F3: =Users!C3
A4: Bundle: | B4: =Users!A4 | C4: Bundle: | D4: =Users!A5 | E4: Bundle: | F4: =Users!A6
A5: User: | B5: =Users!B4 | C5: User: | D5: =Users!B5 | E5: User: | F5: =Users!B6
A6: Password: | B6: =Users!C4 | C6: Password: | D6: =Users!C5 | E6: Password: | F6: =Users!C6
A7: Bundle: | B7: =Users!A7 | C7: Bundle: | D7: =Users!A8 | E7: Bundle: | F7: =Users!A9
A8: User: | B8: =Users!B7 | C8: User: | D8: =Users!B8 | E8: User: | F8: =Users!B9
A9: Password: | B9: =Users!C7 | C9: Password: | D9: =Users!C8 | E9: Password: | F9: =Users!C9
A10: Bundle: | B10: =Users!A10 | C10: Bundle: | D10: =Users!A11 | E10: Bundle: | F10: =Users!A12
A11: User: | B11: =Users!B10 | C11: User: | D11: =Users!B11 | E11: User: | F11: =Users!B12
A12: Password: | B12: =Users!C10 | C12: Password: | D12: =Users!C11 | E12: Password: | F12: =Users!C12
A13: Bundle: | B13: =Users!A13 | C13: Bundle: | D13: =Users!A14 | E13: Bundle: | F13: =Users!A15
A14: User: | B14: =Users!B13 | C14: User: | D14: =Users!B14 | E14: User: | F14: =Users!B15
A15: Password: | B15: =Users!C13 | C15: Password: | D15: =Users!C14 | E15: Password: | F15: =Users!C15
A16: Bundle: | B16: =Users!A16 | C16: Bundle: | D16: =Users!A17 | E16: Bundle: | F16: =Users!A18
A17: User: | B17: =Users!B16 | C17: User: | D17: =Users!B17 | E17: User: | F17: =Users!B18
A18: Password: | B18: =Users!C16 | C18: Password: | D18: =Users!C17 | E18: Password: | F18: =Users!C18
A19: Bundle: | B19: =Users!A19 | C19: Bundle: | D19: =Users!A20 | E19: Bundle: | F19: =Users!A21
A20: User: | B20: =Users!B19 | C20: User: | D20: =Users!B20 | E20: User: | F20: =Users!B21
A21: Password: | B21: =Users!C19 | C21: Password: | D21: =Users!C20 | E21: Password: | F21: =Users!C21
A22: Bundle: | B22: =Users!A22 | C22: Bundle: | D22: =Users!A23 | E22: Bundle: | F22: =Users!A24
A23: User: | B23: =Users!B22 | C23: User: | D23: =Users!B23 | E23: User: | F23: =Users!B24
A24: Password: | B24: =Users!C22 | C24: Password: | D24: =Users!C23 | E24: Password: | F24: =Users!C24
A25: Bundle: | B25: =Users!A25 | C25: Bundle: | D25: =Users!A26 | E25: Bundle: | F25: =Users!A27
A26: User: | B26: =Users!B25 | C26: User: | D26: =Users!B26 | E26: User: | F26: =Users!B27
A27: Password: | B27: =Users!C25 | C27: Password: | D27: =Users!C26 | E27: Password: | F27: =Users!C27
A28: Bundle: | B28: =Users!A28 | C28: Bundle: | D28: =Users!A29 | E28: Bundle: | F28: =Users!A30
A29: User: | B29: =Users!B28 | C29: User: | D29: =Users!B29 | E29: User: | F29: =Users!B30
A30: Password: | B30: =Users!C28 | C30: Password: | D30: =Users!C29 | E30: Password: | F30: =Users!C30
A31: Bundle: | B31: =Users!A31 | C31: Bundle: | D31: =Users!A32 | E31: Bundle: | F31: =Users!A33
A32: User: | B32: =Users!B31 | C32: User: | D32: =Users!B32 | E32: User: | F32: =Users!B33
A33: Password: | B33: =Users!C31 | C33: Password: | D33: =Users!C32 | E33: Password: | F33: =Users!C33
A34: Bundle: | B34: =Users!A34 | C34: Bundle: | D34: =Users!A35 | E34: Bundle: | F34: =Users!A36
A35: User: | B35: =Users!B34 | C35: User: | D35: =Users!B35 | E35: User: | F35: =Users!B36
A36: Password: | B36: =Users!C34 | C36: Password: | D36: =Users!C35 | E36: Password: | F36: =Users!C36
A37: Bundle: | B37: =Users!A37 | C37: Bundle: | D37: =Users!A38 | E37: Bundle: | F37: =Users!A39
A38: User: | B38: =Users!B37 | C38: User: | D38: =Users!B38 | E38: User: | F38: =Users!B39
A39: Password: | B39: =Users!C37 | C39: Password: | D39: =Users!C38 | E39: Password: | F39: =Users!C39
A40: Bundle: | B40: =Users!A40 | C40: Bundle: | D40: =Users!A41 | E40: Bundle: | F40: =Users!A42
A41: User: | B41: =Users!B40 | C41: User: | D41: =Users!B41 | E41: User: | F41: =Users!B42
A42: Password: | B42: =Users!C40 | C42: Password: | D42: =Users!C41 | E42: Password: | F42: =Users!C42
A43: Bundle: | B43: =Users!A43 | C43: Bundle: | D43: =Users!A44 | E43: Bundle: | F43: =Users!A45
A44: User: | B44: =Users!B43 | C44: User: | D44: =Users!B44 | E44: User: | F44: =Users!B45
A45: Password: | B45: =Users!C43 | C45: Password: | D45: =Users!C44 | E45: Password: | F45: =Users!C45
A46: Bundle: | B46: =Users!A46 | C46: Bundle: | D46: =Users!A47 | E46: Bundle: | F46: =Users!A48
A47: User: | B47: =Users!B46 | C47: User: | D47: =Users!B47 | E47: User: | F47: =Users!B48
A48: Password: | B48: =Users!C46 | C48: Password: | D48: =Users!C47 | E48: Password: | F48: =Users!C48
A50: Bundle: | B50: =Users!A50 | C50: Bundle: | D50: =Users!A51 | E50: Bundle: | F50: =Users!A52
A51: User: | B51: =Users!B50 | C51: User: | D51: =Users!B51 | E51: User: | F51: =Users!B52
A52: Password: | B52: =Users!C50 | C52: Password: | D52: =Users!C51 | E52: Password: | F52: =Users!C52
A53: Bundle: | B53: =Users!A53 | C53: Bundle: | D53: =Users!A54 | E53: Bundle: | F53: =Users!A55
A54: User: | B54: =Users!B53 | C54: User: | D54: =Users!B54 | E54: User: | F54: =Users!B55
A55: Password: | B55: =Users!C53 | C55: Password: | D55: =Users!C54 | E55: Password: | F55: =Users!C55
A56: Bundle: | B56: =Users!A56 | C56: Bundle: | D56: =Users!A57 | E56: Bundle: | F56: =Users!A58
A57: User: | B57: =Users!B56 | C57: User: | D57: =Users!B57 | E57: User: | F57: =Users!B58
A58: Password: | B58: =Users!C56 | C58: Password: | D58: =Users!C57 | E58: Password: | F58: =Users!C58
A59: Bundle: | B59: =Users!A59 | C59: Bundle: | D59: =Users!A60 | E59: Bundle: | F59: =Users!A61
A60: User: | B60: =Users!B59 | C60: User: | D60: =Users!B60 | E60: User: | F60: =Users!B61
A61: Password: | B61: =Users!C59 | C61: Password: | D61: =Users!C60 | E61: Password: | F61: =Users!C61
A62: Bundle: | B62: =Users!A62 | C62: Bundle: | D62: =Users!A63 | E62: Bundle: | F62: =Users!A64
A63: User: | B63: =Users!B62 | C63: User: | D63: =Users!B63 | E63: User: | F63: =Users!B64
A64: Password: | B64: =Users!C62 | C64: Password: | D64: =Users!C63 | E64: Password: | F64: =Users!C64
A65: Bundle: | B65: =Users!A65 | C65: Bundle: | D65: =Users!A66 | E65: Bundle: | F65: =Users!A67
A66: User: | B66: =Users!B65 | C66: User: | D66: =Users!B66 | E66: User: | F66: =Users!B67
A67: Password: | B67: =Users!C65 | C67: Password: | D67: =Users!C66 | E67: Password: | F67: =Users!C67
A68: Bundle: | B68: =Users!A68 | C68: Bundle: | D68: =Users!A69 | E68: Bundle: | F68: =Users!A70
A69: User: | B69: =Users!B68 | C69: User: | D69: =Users!B69 | E69: User: | F69: =Users!B70
A70: Password: | B70: =Users!C68 | C70: Password: | D70: =Users!C69 | E70: Password: | F70: =Users!C70
A71: Bundle: | B71: =Users!A71 | C71: Bundle: | D71: =Users!A72 | E71: Bundle: | F71: =Users!A73
A72: User: | B72: =Users!B71 | C72: User: | D72: =Users!B72 | E72: User: | F72: =Users!B73
A73: Password: | B73: =Users!C71 | C73: Password: | D73: =Users!C72 | E73: Password: | F73: =Users!C73
A74: Bundle: | B74: =Users!A74 | C74: Bundle: | D74: =Users!A75 | E74: Bundle: | F74: =Users!A76
A75: User: | B75: =Users!B74 | C75: User: | D75: =Users!B75 | E75: User: | F75: =Users!B76
A76: Password: | B76: =Users!C74 | C76: Password: | D76: =Users!C75 | E76: Password: | F76: =Users!C76
A77: Bundle: | B77: =Users!A77 | C77: Bundle: | D77: =Users!A78 | E77: Bundle: | F77: =Users!A79
A78: User: | B78: =Users!B77 | C78: User: | D78: =Users!B78 | E78: User: | F78: =Users!B79
A79: Password: | B79: =Users!C77 | C79: Password: | D79: =Users!C78 | E79: Password: | F79: =Users!C79
A80: Bundle: | B80: =Users!A80 | C80: Bundle: | D80: =Users!A81 | E80: Bundle: | F80: =Users!A82
A81: User: | B81: =Users!B80 | C81: User: | D81: =Users!B81 | E81: User: | F81: =Users!B82
A82: Password: | B82: =Users!C80 | C82: Password: | D82: =Users!C81 | E82: Password: | F82: =Users!C82
A83: Bundle: | B83: =Users!A83 | C83: Bundle: | D83: =Users!A84 | E83: Bundle: | F83: =Users!A85
A84: User: | B84: =Users!B83 | C84: User: | D84: =Users!B84 | E84: User: | F84: =Users!B85
A85: Password: | B85: =Users!C83 | C85: Password: | D85: =Users!C84 | E85: Password: | F85: =Users!C85
A86: Bundle: | B86: =Users!A86 | C86: Bundle: | D86: =Users!A87 | E86: Bundle: | F86: =Users!A88
A87: User: | B87: =Users!B86 | C87: User: | D87: =Users!B87 | E87: User: | F87: =Users!B88
A88: Password: | B88: =Users!C86 | C88: Password: | D88: =Users!C87 | E88: Password: | F88: =Users!C88
A89: Bundle: | B89: =Users!A89 | C89: Bundle: | D89: =Users!A90 | E89: Bundle: | F89: =Users!A91
A90: User: | B90: =Users!B89 | C90: User: | D90: =Users!B90 | E90: User: | F90: =Users!B91
A91: Password: | B91: =Users!C89 | C91: Password: | D91: =Users!C90 | E91: Password: | F91: =Users!C91
A92: Bundle: | B92: =Users!A92 | C92: Bundle: | D92: =Users!A93 | E92: Bundle: | F92: =Users!A94
A93: User: | B93: =Users!B92 | C93: User: | D93: =Users!B93 | E93: User: | F93: =Users!B94
A94: Password: | B94: =Users!C92 | C94: Password: | D94: =Users!C93 | E94: Password: | F94: =Users!C94
A95: Bundle: | B95: =Users!A95 | C95: Bundle: | D95: =Users!A96 | E95: Bundle: | F95: =Users!A97
A96: User: | B96: =Users!B95 | C96: User: | D96: =Users!B96 | E96: User: | F96: =Users!B97
A97: Password: | B97: =Users!C95 | C97: Password: | D97: =Users!C96 | E97: Password: | F97: =Users!C97
A99: Bundle: | B99: =Users!A99 | C99: Bundle: | D99: =Users!A100 | E99: Bundle: | F99: =Users!A101
A100: User: | B100: =Users!B99 | C100: User: | D100: =Users!B100 | E100: User: | F100: =Users!B101
A101: Password: | B101: =Users!C99 | C101: Password: | D101: =Users!C100 | E101: Password: | F101: =Users!C101
A102: Bundle: | B102: =Users!A102 | C102: Bundle: | D102: =Users!A103 | E102: Bundle: | F102: =Users!A104
...

Sheet Users
A1: =IFERROR(_xlfn.TEXTBEFORE(_xlfn.TEXTAFTER('From Mikrotik User-Manager'!A1,"comment=")," "),"") | B1: =IFERROR(_xlfn.TEXTBEFORE(_xlfn.TEXTAFTER('From Mikrotik User-Manager'!A1,"name=")," "),"") | C1: =IFERROR(_xlfn.TEXTBEFORE(_xlfn.TEXTAFTER('From Mikrotik User-Manager'!A1,"password=")," "),"")
A2: =IFERROR(_xlfn.TEXTBEFORE(_xlfn.TEXTAFTER('From Mikrotik User-Manager'!A2,"comment=")," "),"") | B2: =IFERROR(_xlfn.TEXTBEFORE(_xlfn.TEXTAFTER('From Mikrotik User-Manager'!A2,"name=")," "),"") | C2: =IFERROR(_xlfn.TEXTBEFORE(_xlfn.TEXTAFTER('From Mikrotik User-Manager'!A2,"password=")," "),"")
A3: =IFERROR(_xlfn.TEXTBEFORE(_xlfn.TEXTAFTER('From Mikrotik User-Manager'!A3,"comment=")," "),"") | B3: =IFERROR(_xlfn.TEXTBEFORE(_xlfn.TEXTAFTER('From Mikrotik User-Manager'!A3,"name=")," "),"") | C3: =IFERROR(_xlfn.TEXTBEFORE(_xlfn.TEXTAFTER('From Mikrotik User-Manager'!A3,"password=")," "),"")
A4: =IFERROR(_xlfn.TEXTBEFORE(_xlfn.TEXTAFTER('From Mikrotik User-Manager'!A4,"comment=")," "),"") | B4: =IFERROR(_xlfn.TEXTBEFORE(_xlfn.TEXTAFTER('From Mikrotik User-Manager'!A4,"name=")," "),"") | C4: =IFERROR(_xlfn.TEXTBEFORE(_xlfn.TEXTAFTER('From Mikrotik User-Manager'!A4,"password=")," "),"")
A5: =IFERROR(_xlfn.TEXTBEFORE(_xlfn.TEXTAFTER('From Mikrotik User-Manager'!A5,"comment=")," "),"") | B5: =IFERROR(_xlfn.TEXTBEFORE(_xlfn.TEXTAFTER('From Mikrotik User-Manager'!A5,"name=")," "),"") | C5: =IFERROR(_xlfn.TEXTBEFORE(_xlfn.TEXTAFTER('From Mikrotik User-Manager'!A5,"password=")," "),"")
A6: =IFERROR(_xlfn.TEXTBEFORE(_xlfn.TEXTAFTER('From Mikrotik User-Manager'!A6,"comment=")," "),"") | B6: =IFERROR(_xlfn.TEXTBEFORE(_xlfn.TEXTAFTER('From Mikrotik User-Manager'!A6,"name=")," "),"") | C6: =IFERROR(_xlfn.TEXTBEFORE(_xlfn.TEXTAFTER('From Mikrotik User-Manager'!A6,"password=")," "),"")
A7: =IFERROR(_xlfn.TEXTBEFORE(_xlfn.TEXTAFTER('From Mikrotik User-Manager'!A7,"comment=")," "),"") | B7: =IFERROR(_xlfn.TEXTBEFORE(_xlfn.TEXTAFTER('From Mikrotik User-Manager'!A7,"name=")," "),"") | C7: =IFERROR(_xlfn.TEXTBEFORE(_xlfn.TEXTAFTER('From Mikrotik User-Manager'!A7,"password=")," "),"")
A8: =IFERROR(_xlfn.TEXTBEFORE(_xlfn.TEXTAFTER('From Mikrotik User-Manager'!A8,"comment=")," "),"") | B8: =IFERROR(_xlfn.TEXTBEFORE(_xlfn.TEXTAFTER('From Mikrotik User-Manager'!A8,"name=")," "),"") | C8: =IFERROR(_xlfn.TEXTBEFORE(_xlfn.TEXTAFTER('From Mikrotik User-Manager'!A8,"password=")," "),"")
A9: =IFERROR(_xlfn.TEXTBEFORE(_xlfn.TEXTAFTER('From Mikrotik User-Manager'!A9,"comment=")," "),"") | B9: =IFERROR(_xlfn.TEXTBEFORE(_xlfn.TEXTAFTER('From Mikrotik User-Manager'!A9,"name=")," "),"") | C9: =IFERROR(_xlfn.TEXTBEFORE(_xlfn.TEXTAFTER('From Mikrotik User-Manager'!A9,"password=")," "),"")
A10: =IFERROR(_xlfn.TEXTBEFORE(_xlfn.TEXTAFTER('From Mikrotik User-Manager'!A10,"comment=")," "),"") | B10: =IFERROR(_xlfn.TEXTBEFORE(_xlfn.TEXTAFTER('From Mikrotik User-Manager'!A10,"name=")," "),"") | C10: =IFERROR(_xlfn.TEXTBEFORE(_xlfn.TEXTAFTER('From Mikrotik User-Manager'!A10,"password=")," "),"")
A11: =IFERROR(_xlfn.TEXTBEFORE(_xlfn.TEXTAFTER('From Mikrotik User-Manager'!A11,"comment=")," "),"") | B11: =IFERROR(_xlfn.TEXTBEFORE(_xlfn.TEXTAFTER('From Mikrotik User-Manager'!A11,"name=")," "),"") | C11: =IFERROR(_xlfn.TEXTBEFORE(_xlfn.TEXTAFTER('From Mikrotik User-Manager'!A11,"password=")," "),"")
A12: =IFERROR(_xlfn.TEXTBEFORE(_xlfn.TEXTAFTER('From Mikrotik User-Manager'!A12,"comment=")," "),"") | B12: =IFERROR(_xlfn.TEXTBEFORE(_xlfn.TEXTAFTER('From Mikrotik User-Manager'!A12,"name=")," "),"") | C12: =IFERROR(_xlfn.TEXTBEFORE(_xlfn.TEXTAFTER('From Mikrotik User-Manager'!A12,"password=")," "),"")
... A4000: =IFERROR(_xlfn.TEXTBEFORE(_xlfn.TEXTAFTER('From Mikrotik User-Manager'!A4000,"comment=")," "),"") | B4000: =IFERROR(_xlfn.TEXTBEFORE(_xlfn.TEXTAFTER('From Mikrotik User-Manager'!A4000,"name=")," "),"") | C4000: =IFERROR(_xlfn.TEXTBEFORE(_xlfn.TEXTAFTER('From Mikrotik User-Manager'!A4000,"password=")," "),"")

Sheet From Mikrotik User-Manager

Sheet Command
A1: /user-manager/user export show-sensitive terse file=user.txt.rsc where comment=2026-03-31
